meeting_id,uid,city,meeting_year,agenda_code,summary,word_count,transcript_char_length,processing_timestamp
0,DenverCityCouncil_05012017_17-0161,DenverCityCouncil,2017,17-0161,AS AMENDED a bill for an ordinance amending the Denver Zoning Code to revise parking exemptions for preexisting small zone lots Approves a text amendment to the Denver Zoning Code to revise the PreExisting Small Zone Lot parking exemption The Committee approved filing this bill at its meeting on 21417 On 22717 Council held this item in Committee to 32017 Amended 32017 to ensure that the parking exemption is applied for all uses Some parking requirements are calculated based on gross floor area while others are on number of units and not explicitly for gross floor area to further clarify the legislative intent of the proposed bill to emphasize the citys commitment to more comprehensively address transportation demand management strategies in the short term and to require a Zoning Permit with Informational Notice for all new buildings on PreExisting Small Zone Lots that request to use the small lot parking exemption Enables all expansions to existing buildings to receive the full parking exemption and clarifies at what point an existing building is considered,5814,32767,2/19/2026 17:24
1,DenverCityCouncil_04102017_17-0161,DenverCityCouncil,2017,17-0161,AS AMENDED a bill for an ordinance amending the Denver Zoning Code to revise parking exemptions for preexisting small zone lots Approves a text amendment to the Denver Zoning Code to revise the PreExisting Small Zone Lot parking exemption The Committee approved filing this bill at its meeting on 21417 On 22717 Council held this item in Committee to 32017 Amended 32017 to ensure that the parking exemption is applied for all uses Some parking requirements are calculated based on gross floor area while others are on number of units and not explicitly for gross floor area to further clarify the legislative intent of the proposed bill to emphasize the citys commitment to more comprehensively address transportation demand management strategies in the short term and to require a Zoning Permit with Informational Notice for all new buildings on PreExisting Small Zone Lots that request to use the small lot parking exemption Enables all expansions to existing buildings to receive the full parking exemption and clarifies at what point an existing building is considered,3134,16931,2/19/2026 17:24
2,DenverCityCouncil_02272017_17-0161,DenverCityCouncil,2017,17-0161,AS AMENDED a bill for an ordinance amending the Denver Zoning Code to revise parking exemptions for preexisting small zone lots Approves a text amendment to the Denver Zoning Code to revise the PreExisting Small Zone Lot parking exemption The Committee approved filing this bill at its meeting on 21417 On 22717 Council held this item in Committee to 32017 Amended 32017 to ensure that the parking exemption is applied for all uses Some parking requirements are calculated based on gross floor area while others are on number of units and not explicitly for gross floor area to further clarify the legislative intent of the proposed bill to emphasize the citys commitment to more comprehensively address transportation demand management strategies in the short term and to require a Zoning Permit with Informational Notice for all new buildings on PreExisting Small Zone Lots that request to use the small lot parking exemption Enables all expansions to existing buildings to receive the full parking exemption and clarifies at what point an existing building is considered,625,3324,2/19/2026 17:24
3,LongBeachCC_03072017_17-0161,LongBeachCC,2017,17-0161,Recommendation to respectfully request City Council approval of the 2017 Federal Legislative Agenda as recommended by the Federal Legislation Committee,996,5799,2/19/2026 17:24
4,DenverCityCouncil_03202017_17-0161,DenverCityCouncil,2017,17-0161,AS AMENDED a bill for an ordinance amending the Denver Zoning Code to revise parking exemptions for preexisting small zone lots Approves a text amendment to the Denver Zoning Code to revise the PreExisting Small Zone Lot parking exemption The Committee approved filing this bill at its meeting on 21417 On 22717 Council held this item in Committee to 32017 Amended 32017 to ensure that the parking exemption is applied for all uses Some parking requirements are calculated based on gross floor area while others are on number of units and not explicitly for gross floor area to further clarify the legislative intent of the proposed bill to emphasize the citys commitment to more comprehensively address transportation demand management strategies in the short term and to require a Zoning Permit with Informational Notice for all new buildings on PreExisting Small Zone Lots that request to use the small lot parking exemption Enables all expansions to existing buildings to receive the full parking exemption and clarifies at what point an existing building is considered,5155,28001,2/19/2026 17:24
5,DenverCityCouncil_02212017_17-0161,DenverCityCouncil,2017,17-0161,AS AMENDED a bill for an ordinance amending the Denver Zoning Code to revise parking exemptions for preexisting small zone lots Approves a text amendment to the Denver Zoning Code to revise the PreExisting Small Zone Lot parking exemption The Committee approved filing this bill at its meeting on 21417 On 22717 Council held this item in Committee to 32017 Amended 32017 to ensure that the parking exemption is applied for all uses Some parking requirements are calculated based on gross floor area while others are on number of units and not explicitly for gross floor area to further clarify the legislative intent of the proposed bill to emphasize the citys commitment to more comprehensively address transportation demand management strategies in the short term and to require a Zoning Permit with Informational Notice for all new buildings on PreExisting Small Zone Lots that request to use the small lot parking exemption Enables all expansions to existing buildings to receive the full parking exemption and clarifies at what point an existing building is considered,1255,6642,2/19/2026 17:24
6,DenverCityCouncil_04032017_17-0161,DenverCityCouncil,2017,17-0161,AS AMENDED a bill for an ordinance amending the Denver Zoning Code to revise parking exemptions for preexisting small zone lots Approves a text amendment to the Denver Zoning Code to revise the PreExisting Small Zone Lot parking exemption The Committee approved filing this bill at its meeting on 21417 On 22717 Council held this item in Committee to 32017 Amended 32017 to ensure that the parking exemption is applied for all uses Some parking requirements are calculated based on gross floor area while others are on number of units and not explicitly for gross floor area to further clarify the legislative intent of the proposed bill to emphasize the citys commitment to more comprehensively address transportation demand management strategies in the short term and to require a Zoning Permit with Informational Notice for all new buildings on PreExisting Small Zone Lots that request to use the small lot parking exemption Enables all expansions to existing buildings to receive the full parking exemption and clarifies at what point an existing building is considered,156,838,2/19/2026 17:24
7,SeattleCityCouncil_06282022_CF 314495,SeattleCityCouncil,2022,CF 314495,Report of the City Clerk on the Certificate of Sufficiency for Initiative No 134 concerning approval voting for Mayor City Attorney and City Councilmember primary elections,502,2933,2/19/2026 17:24
8,DenverCityCouncil_10282019_19-0776,DenverCityCouncil,2019,19-0776,A bill for an ordinance vacating a portion of the rightofway adjacent to 2099 Chestnut Place bounded by West 29th Avenue and Chestnut Place and Division Street with reservations Vacates a portion of the right of way adjacent to 2099 Chestnut Place bounded by West 29th Avenue Chestnut Place and Division Street with reservations in Council District 9 The Committee approved filing this item at its meeting on 81319,6246,32767,2/19/2026 17:24
9,SeattleCityCouncil_07052022_CF 314495,SeattleCityCouncil,2022,CF 314495,Report of the City Clerk on the Certificate of Sufficiency for Initiative No 134 concerning approval voting for Mayor City Attorney and City Councilmember primary elections,382,2299,2/19/2026 17:24
10,LongBeachCC_09182018_18-0820,LongBeachCC,2018,18-0820,Recommendation to receive supporting documentation into the record conclude the public hearing and grant an Entertainment Permit with conditions on the application of Shamrock Hospitality Group LLC dba Muldoons Saloon 5646 Paramount Blvd for Entertainment Without Dancing  District 8,1889,10328,2/19/2026 17:24
11,DenverCityCouncil_02032020_20-0071,DenverCityCouncil,2020,20-0071,A bill for an ordinance amending section 867 of the Denver Revised Municipal Code requiring a provisional breedrestricted license for owners of pit bulls A bill for an ordinance amending section 867 of the Denver Revised Municipal Code requiring a provisional breedrestricted license for owners of pit bulls The Committee approved filing this item at its meeting on 12220,1563,8824,2/19/2026 17:24
12,DenverCityCouncil_09232019_19-0776,DenverCityCouncil,2019,19-0776,A bill for an ordinance vacating a portion of the rightofway adjacent to 2099 Chestnut Place bounded by West 29th Avenue and Chestnut Place and Division Street with reservations Vacates a portion of the right of way adjacent to 2099 Chestnut Place bounded by West 29th Avenue Chestnut Place and Division Street with reservations in Council District 9 The Committee approved filing this item at its meeting on 81319,4086,21641,2/19/2026 17:24
13,DenverCityCouncil_01212020_19-0913,DenverCityCouncil,2020,19-0913,A bill for an ordinance designating 4345 West 46th Avenue as a structure for preservation Approves an individual landmark designation for property located at 4345 West 46th Avenue in Council District 1 The Committee approved filing this item at its meeting on 91019,695,3874,2/19/2026 17:24
14,LongBeachCC_06092015_15-0522,LongBeachCC,2015,15-0522,Recommendation to adopt Specifications No RFQ PW14033 and award a contract to HDR Engineering Inc a Long Beachbased business for engineering and architectural design services for the final design bid documents construction bidding and support for the Shoemaker Bridge replacement project in an amount not to exceed 4700000 for a period of three years with the option to extend the contract for two additional oneyear periods and authorize City Manager or designee to execute all documents necessary to enter into the contract including any necessary amendments thereto regarding the term andor scope of services  Districts 12,2219,12116,2/19/2026 17:24
15,DenverCityCouncil_08242015_15-0522,DenverCityCouncil,2015,15-0522,A bill for an ordinance approving a proposed Amendatory Lease Agreement between the City and County of Denver and the Colorado Symphony Association for offices used by the Colorado Symphony Association FINANCE  SERVICES Extends a lease agreement with the Colorado Symphony Association by fifteen months to 123116 to occupy 1245 Champa Street and raises rent from one dollar annually to 5000 per month plus reimbursement of operating expenses FINAN20131101701 The last regularly scheduled Council meeting within the 30day review period is on 815 The Committee approved filing this bill at its meeting on 72815,232,1243,2/19/2026 17:24
16,DenverCityCouncil_08192019_19-0745,DenverCityCouncil,2019,19-0745,A bill for an ordinance approving Service Plans for the creation of six 6 Title 32 Metropolitan Districts the Loretto Heights Metropolitan District Nos 15 and the Loretto Heights Programming Metropolitan District Approves six separate Service Plans for the formation and establishment of six Title 32 districts Loretto Heights Metropolitan District No 1 Loretto Heights Metropolitan District No 2 Loretto Heights Metropolitan District No 3 Loretto Heights Metropolitan District No 4 Loretto Heights Metropolitan District No 5 and Loretto Heights Programming Metropolitan District in Council District 2 The Committee approved filing this item at its meeting on 73019,319,1752,2/19/2026 17:24
17,DenverCityCouncil_08102015_15-0522,DenverCityCouncil,2015,15-0522,A bill for an ordinance approving a proposed Amendatory Lease Agreement between the City and County of Denver and the Colorado Symphony Association for offices used by the Colorado Symphony Association FINANCE  SERVICES Extends a lease agreement with the Colorado Symphony Association by fifteen months to 123116 to occupy 1245 Champa Street and raises rent from one dollar annually to 5000 per month plus reimbursement of operating expenses FINAN20131101701 The last regularly scheduled Council meeting within the 30day review period is on 815 The Committee approved filing this bill at its meeting on 72815,2971,15653,2/19/2026 17:24
18,BostonCC_03092022_2022-0259,BostonCC,2022,2022-0259,On the message and Ordinance referred on February 9 2022 Docket 0259 Amending City of Boston Code Ordinances Chapter XV Section X and Establishing the Boston Fair Chance Act the committee submitted a report recommending the Ordinance ought to pass in a new draft The report was accepted the Ordinance was passed in a new draft,861,5057,2/19/2026 17:24
19,LongBeachCC_02192019_18-0820,LongBeachCC,2019,18-0820,Recommendation to receive supporting documentation into the record conclude the public hearing and grant an Entertainment Permit with conditions on the application of Shamrock Hospitality Group LLC dba Muldoons Saloon 5646 Paramount Blvd for Entertainment Without Dancing  District 8,1403,7970,2/19/2026 17:24
20,DenverCityCouncil_02102020_20-0071,DenverCityCouncil,2020,20-0071,A bill for an ordinance amending section 867 of the Denver Revised Municipal Code requiring a provisional breedrestricted license for owners of pit bulls A bill for an ordinance amending section 867 of the Denver Revised Municipal Code requiring a provisional breedrestricted license for owners of pit bulls The Committee approved filing this item at its meeting on 12220,5927,32767,2/19/2026 17:24
21,DenverCityCouncil_09162019_19-0913,DenverCityCouncil,2019,19-0913,A bill for an ordinance designating 4345 West 46th Avenue as a structure for preservation Approves an individual landmark designation for property located at 4345 West 46th Avenue in Council District 1 The Committee approved filing this item at its meeting on 91019,251,1389,2/19/2026 17:24
22,SeattleCityCouncil_07122022_CF 314495,SeattleCityCouncil,2022,CF 314495,Report of the City Clerk on the Certificate of Sufficiency for Initiative No 134 concerning approval voting for Mayor City Attorney and City Councilmember primary elections,422,2538,2/19/2026 17:24
23,DenverCityCouncil_12072015_15-0868,DenverCityCouncil,2015,15-0868,Approves the sale of cityowned land for 500000 to Recreation Equipment Inc REI which has been leasing the land at 1416 Platte Street in Council District 1 for parking since 2000  The purchase price is based on an appraisal FINAN 20152336600 FINANCE  SERVICES Approves the sale of cityowned land for 500000 to Recreation Equipment Inc REI which has been leasing the land at 1416 Platte Street in Council District 1 for parking since 2000 FINAN 20152336600 The last regularly scheduled Council meeting within the 30day review period is on 122115  The Committee approved filing this bill by consent on 111915,1170,6421,2/19/2026 17:24
24,DenverCityCouncil_02242020_20-0071,DenverCityCouncil,2020,20-0071,A bill for an ordinance amending section 867 of the Denver Revised Municipal Code requiring a provisional breedrestricted license for owners of pit bulls A bill for an ordinance amending section 867 of the Denver Revised Municipal Code requiring a provisional breedrestricted license for owners of pit bulls The Committee approved filing this item at its meeting on 12220,6172,32767,2/19/2026 17:24
25,LongBeachCC_09082015_15-0868,LongBeachCC,2015,15-0868,Recommendation to declare ordinance relating to the temporary limitation of certain construction and development activities in the R1L zone in the Los Cerritos and Virginia Country Club areas of the City in order to foster and promote neighborhood character stabilization in said area declaring the urgency thereof and declaring that this ordinance shall take effect immediately read and adopted as read  Ordinance No ORD150024  Citywide,368,2132,2/19/2026 17:24
26,DenverCityCouncil_09232019_19-0913,DenverCityCouncil,2019,19-0913,A bill for an ordinance designating 4345 West 46th Avenue as a structure for preservation Approves an individual landmark designation for property located at 4345 West 46th Avenue in Council District 1 The Committee approved filing this item at its meeting on 91019,256,1428,2/19/2026 17:24
27,LongBeachCC_09012015_15-0868,LongBeachCC,2015,15-0868,Recommendation to declare ordinance relating to the temporary limitation of certain construction and development activities in the R1L zone in the Los Cerritos and Virginia Country Club areas of the City in order to foster and promote neighborhood character stabilization in said area declaring the urgency thereof and declaring that this ordinance shall take effect immediately read and adopted as read  Ordinance No ORD150024  Citywide,2007,11089,2/19/2026 17:24
28,LongBeachCC_08132019_19-0745,LongBeachCC,2019,19-0745,Recommendation to authorize City Manager or designee to increase Munis Contract No 3190000026 formerly Blanket Purchase Order No BPLB19000026 with GSSi Inc dba General Security Service of Wilmington CA for providing security guard services by 454500 with a 10 percent contingency of 45450 for a revised total contract amount not to exceed 999900 and extend the term to March 9 2020  Citywide,164,834,2/19/2026 17:24
29,DenverCityCouncil_12062021_21-1182,DenverCityCouncil,2021,21-1182,A bill for an ordinance amending article XI of chapter 24 DRMC to ban the sale of flavored tobacco products and accessories Amends Article IX of chapter 24 DRMC to ban the sale of flavored tobacco products and accessories The Committee approved filing this item at its meeting on 111721,3177,16740,2/19/2026 17:24
30,DenverCityCouncil_09302019_19-0776,DenverCityCouncil,2019,19-0776,A bill for an ordinance vacating a portion of the rightofway adjacent to 2099 Chestnut Place bounded by West 29th Avenue and Chestnut Place and Division Street with reservations Vacates a portion of the right of way adjacent to 2099 Chestnut Place bounded by West 29th Avenue Chestnut Place and Division Street with reservations in Council District 9 The Committee approved filing this item at its meeting on 81319,6149,32767,2/19/2026 17:24
31,DenverCityCouncil_09172018_18-0820,DenverCityCouncil,2018,18-0820,A bill for an ordinance changing the zoning classification for 3901 Elati Street in Globeville Approves an official map amendment to rezone property at 3901 Elati Street from IA UO2 to CMX20 industrial to commercial mixeduse in Council District 9 The Committee approved filing this item at its meeting on 8718,2216,12323,2/19/2026 17:24
32,DenverCityCouncil_11122019_19-0913,DenverCityCouncil,2019,19-0913,A bill for an ordinance designating 4345 West 46th Avenue as a structure for preservation Approves an individual landmark designation for property located at 4345 West 46th Avenue in Council District 1 The Committee approved filing this item at its meeting on 91019,397,2247,2/19/2026 17:24
33,LongBeachCC_10042016_16-0898,LongBeachCC,2016,16-0898,Recommendation to receive supporting documentation into the record conclude the hearing and grant an Entertainment Permit with conditions on the application of Parq Hospitality LLC dba Playa Amor 6527 E Pacific Coast Highway for entertainment without dancing  District 3,823,4395,2/19/2026 17:24
34,BostonCC_04132022_2022-0259,BostonCC,2022,2022-0259,On the message and Ordinance referred on February 9 2022 Docket 0259 Amending City of Boston Code Ordinances Chapter XV Section X and Establishing the Boston Fair Chance Act the committee submitted a report recommending the Ordinance ought to pass in a new draft The report was accepted the Ordinance was passed in a new draft,641,3753,2/19/2026 17:24
35,DenverCityCouncil_10312016_16-0898,DenverCityCouncil,2016,16-0898,A bill for an ordinance designating certain property as being required for public use and authorizing use and acquisition thereof by negotiation or through condemnation proceedings of fee simple and other interests including any rights and interests related or appurtenant to such property as needed for the National Western Center Project Adds two land parcels inadvertently omitted from the legal description in the Land Acquisition Ordinance passed in December 2015 granting authority to acquire them as needed for the National Western Center redevelopment in Council District 9 The last regularly scheduled Council meeting within the 30day review period is on 11716 The Committee approved filing this bill by consent on 10416,805,4225,2/19/2026 17:24
36,DenverCityCouncil_11292021_21-1182,DenverCityCouncil,2021,21-1182,A bill for an ordinance amending article XI of chapter 24 DRMC to ban the sale of flavored tobacco products and accessories Amends Article IX of chapter 24 DRMC to ban the sale of flavored tobacco products and accessories The Committee approved filing this item at its meeting on 111721,5907,32767,2/19/2026 17:24
37,SeattleCityCouncil_07142022_CF 314495,SeattleCityCouncil,2022,CF 314495,Report of the City Clerk on the Certificate of Sufficiency for Initiative No 134 concerning approval voting for Mayor City Attorney and City Councilmember primary elections,196,1135,2/19/2026 17:24
38,DenverCityCouncil_11072016_16-0898,DenverCityCouncil,2016,16-0898,A bill for an ordinance designating certain property as being required for public use and authorizing use and acquisition thereof by negotiation or through condemnation proceedings of fee simple and other interests including any rights and interests related or appurtenant to such property as needed for the National Western Center Project Adds two land parcels inadvertently omitted from the legal description in the Land Acquisition Ordinance passed in December 2015 granting authority to acquire them as needed for the National Western Center redevelopment in Council District 9 The last regularly scheduled Council meeting within the 30day review period is on 11716 The Committee approved filing this bill by consent on 10416,1051,5625,2/19/2026 17:24
39,DenverCityCouncil_08172015_15-0522,DenverCityCouncil,2015,15-0522,A bill for an ordinance approving a proposed Amendatory Lease Agreement between the City and County of Denver and the Colorado Symphony Association for offices used by the Colorado Symphony Association FINANCE  SERVICES Extends a lease agreement with the Colorado Symphony Association by fifteen months to 123116 to occupy 1245 Champa Street and raises rent from one dollar annually to 5000 per month plus reimbursement of operating expenses FINAN20131101701 The last regularly scheduled Council meeting within the 30day review period is on 815 The Committee approved filing this bill at its meeting on 72815,4456,23266,2/19/2026 17:24
40,LongBeachCC_01222019_18-0820,LongBeachCC,2019,18-0820,Recommendation to receive supporting documentation into the record conclude the public hearing and grant an Entertainment Permit with conditions on the application of Shamrock Hospitality Group LLC dba Muldoons Saloon 5646 Paramount Blvd for Entertainment Without Dancing  District 8,1159,6073,2/19/2026 17:24
41,DenverCityCouncil_12132021_21-1182,DenverCityCouncil,2021,21-1182,A bill for an ordinance amending article XI of chapter 24 DRMC to ban the sale of flavored tobacco products and accessories Amends Article IX of chapter 24 DRMC to ban the sale of flavored tobacco products and accessories The Committee approved filing this item at its meeting on 111721,2627,14444,2/19/2026 17:24
42,LongBeachCC_08202019_19-0745,LongBeachCC,2019,19-0745,Recommendation to authorize City Manager or designee to increase Munis Contract No 3190000026 formerly Blanket Purchase Order No BPLB19000026 with GSSi Inc dba General Security Service of Wilmington CA for providing security guard services by 454500 with a 10 percent contingency of 45450 for a revised total contract amount not to exceed 999900 and extend the term to March 9 2020  Citywide,517,2795,2/19/2026 17:24
43,LongBeachCC_11092021_21-1182,LongBeachCC,2021,21-1182,Recommendation to receive and file a report on the Clean Pathway Community Partnership between the City of Long Beach and Southern California Edison  Citywide,5379,31047,2/19/2026 17:24
44,DenverCityCouncil_08262019_19-0776,DenverCityCouncil,2019,19-0776,A bill for an ordinance vacating a portion of the rightofway adjacent to 2099 Chestnut Place bounded by West 29th Avenue and Chestnut Place and Division Street with reservations Vacates a portion of the right of way adjacent to 2099 Chestnut Place bounded by West 29th Avenue Chestnut Place and Division Street with reservations in Council District 9 The Committee approved filing this item at its meeting on 81319,857,4725,2/19/2026 17:24
45,DenverCityCouncil_10242016_16-0898,DenverCityCouncil,2016,16-0898,A bill for an ordinance designating certain property as being required for public use and authorizing use and acquisition thereof by negotiation or through condemnation proceedings of fee simple and other interests including any rights and interests related or appurtenant to such property as needed for the National Western Center Project Adds two land parcels inadvertently omitted from the legal description in the Land Acquisition Ordinance passed in December 2015 granting authority to acquire them as needed for the National Western Center redevelopment in Council District 9 The last regularly scheduled Council meeting within the 30day review period is on 11716 The Committee approved filing this bill by consent on 10416,825,4461,2/19/2026 17:24
46,LongBeachCC_02042020_20-0071,LongBeachCC,2020,20-0071,Recommendation to declare ordinance amending the Use District Map of the City of Long Beach as said Map has been established and amended by amending portions of Part 5 of said Map from Park P to Belmont Pier Planned Development District PD2 read and adopted as read  District 3,554,2985,2/19/2026 17:24
47,DenverCityCouncil_08262019_19-0745,DenverCityCouncil,2019,19-0745,A bill for an ordinance approving Service Plans for the creation of six 6 Title 32 Metropolitan Districts the Loretto Heights Metropolitan District Nos 15 and the Loretto Heights Programming Metropolitan District Approves six separate Service Plans for the formation and establishment of six Title 32 districts Loretto Heights Metropolitan District No 1 Loretto Heights Metropolitan District No 2 Loretto Heights Metropolitan District No 3 Loretto Heights Metropolitan District No 4 Loretto Heights Metropolitan District No 5 and Loretto Heights Programming Metropolitan District in Council District 2 The Committee approved filing this item at its meeting on 73019,5697,32767,2/19/2026 17:24
48,BostonCC_02092022_2022-0259,BostonCC,2022,2022-0259,On the message and Ordinance referred on February 9 2022 Docket 0259 Amending City of Boston Code Ordinances Chapter XV Section X and Establishing the Boston Fair Chance Act the committee submitted a report recommending the Ordinance ought to pass in a new draft The report was accepted the Ordinance was passed in a new draft,914,5274,2/19/2026 17:24
49,BostonCC_06292022_2022-0259,BostonCC,2022,2022-0259,On the message and Ordinance referred on February 9 2022 Docket 0259 Amending City of Boston Code Ordinances Chapter XV Section X and Establishing the Boston Fair Chance Act the committee submitted a report recommending the Ordinance ought to pass in a new draft The report was accepted the Ordinance was passed in a new draft,555,3471,2/19/2026 17:24
50,DenverCityCouncil_11302015_15-0868,DenverCityCouncil,2015,15-0868,Approves the sale of cityowned land for 500000 to Recreation Equipment Inc REI which has been leasing the land at 1416 Platte Street in Council District 1 for parking since 2000  The purchase price is based on an appraisal FINAN 20152336600 FINANCE  SERVICES Approves the sale of cityowned land for 500000 to Recreation Equipment Inc REI which has been leasing the land at 1416 Platte Street in Council District 1 for parking since 2000 FINAN 20152336600 The last regularly scheduled Council meeting within the 30day review period is on 122115  The Committee approved filing this bill by consent on 111915,957,4987,2/19/2026 17:24
51,DenverCityCouncil_08262019_19-0805,DenverCityCouncil,2019,19-0805,A bill for an ordinance establishing the Office of Climate Action Sustainability and Resiliency A bill for an ordinance establishing the Office of Climate Action Sustainability and Resiliency The Committee approved filing this item at its meeting on 81319,434,2423,2/19/2026 17:24
52,DenverCityCouncil_03232020_20-0161,DenverCityCouncil,2020,20-0161,A bill for an ordinance changing the zoning classification for 3201 Curtis Street in Five Points Approves an official map amendment to rezone property from PUD 379 to UMX2x planned development to mixeduse located at 3201 Curtis Street in Council District 9 The Committee approved filing this item at its meeting on 22520,621,3373,2/19/2026 17:24
53,DenverCityCouncil_03312015_15-0056,DenverCityCouncil,2015,15-0056,Rezones property at 195 South Monaco Parkway from ESUDX to SMU3 in Council District 5 NEIGHBORHOODS AND PLANNING Rezones property at 195 South Monaco Parkway from ESUDX to SMU3 in Council District 5 A PUBLIC HEARING WILL BE HELD AT LEAST FOUR WEEKS AFTER PUBLICATION The Committee approved filing this bill at its meeting on 2415,233,1318,2/19/2026 17:24
54,LongBeachCC_05082018_18-0394,LongBeachCC,2018,18-0394,Recommendation to adopt Specifications No RFP AP18033 and award a contract to Swinerton Builders of Los Angeles CA for the design and construction of the Phase II Terminal Area Improvements at the Long Beach Airport in the amount of 58809490 authorize a 15 percent contingency in the amount of 6450000 based on construction value for a total contract amount not to exceed 65259490 authorize City Manager or designee to execute all documents necessary to enter into a contract including any necessary amendments and Increase appropriations in the Airport Fund EF 320 in the Airport Department by 32572824 offset by funds available District 5,3404,18571,2/19/2026 17:24
55,DenverCityCouncil_12192016_16-0919,DenverCityCouncil,2016,16-0919,AS AMENDED a bill for an ordinance amending Article V of Chapter 2 of the Revised Municipal Code pertaining to financial disclosure Revises the Denver Revised Municipal Code regarding financial disclosure including eliminating the requirement that candidates for municipal office make financial disclosures modifying the definition of gift immediate family and officer modifying the date for submitting the annual financial disclosure statement for city officers requiring semiannual gift disclosure reports by officers and annual gift disclosure reports by employees modifying reportable gifts and increasing the reporting threshold from 25 to 50 making the financial and gift reports of officers publicly available online and the gift reports of employees publicly available on request and modifying the remedies for violations of the ordinance The Committee approved filing this bill at its meeting on 112916 Amended 1317 to remove the minimum 50 threshold for reporting gifts in the covered categories resulting in the reporting of all gifts received in the designat,765,3989,2/19/2026 17:24
56,KingCountyCC_02172021_2021-0057,KingCountyCC,2021,2021-0057,AN ORDINANCE relating to fireworks regulations amending Ordinance 3139 Section 601 as amended and KCC 1286500 Ordinance 4461 Section 2 as amended and KCC 2022040 Ordinance 10870 Section 331 as amended and KCC 21A08040 Ordinance 10870 Section 548 as amended and KCC 21A32110 Ordinance 13332 Section 43 as amended and KCC 2710360 and Ordinance 17682 Section 48 as amended and KCC 2710580 adding a new chapter to KCC Title 17 repealing Ordinance 6836 Section 1 and KCC 626010 Ordinance 6836 Section 2 as amended and KCC 626020 Ordinance 6836 Section 3 as amended and KCC 626030 Ordinance 6836 Section 4 as amended and KCC 626040 Ordinance 6836 Section 5 and KCC 626050 Ordinance 6836 Section 6 as amended and KCC 626060 Ordinance 6836 Section 7 as amended and KCC 626070 Ordinance 6836 Section 8 as amended and KCC 626080 Ordinance 6836 Section 9 and KCC 626090 Ordinance 6836 Section 10 and KCC 626100 Ordinance 6836 Section 11 and KCC 626110 and Ordin,4201,23586,2/19/2026 17:24
57,BostonCC_03302022_2022-0314,BostonCC,2022,2022-0314,On the message and order referred on March 2 2022 Docket 0314 for your approval for a short term extension of nine 9 of the fourteen 14 remaining urban renewal plans in Boston the committee submitted a report recommending that the order ought to pass in a new draft Councilor Baker moved for substitution Motion prevailed,2299,13943,2/19/2026 17:24
58,DenverCityCouncil_12032018_18-1075,DenverCityCouncil,2018,18-1075,A bill for an ordinance changing the zoning classification for 4201 East Arkansas Avenue in Virginia Village Approves an official map amendment to rezone property located at 4201 East Arkansas Avenue 4040 East Louisiana Avenue and 1380 South Birch Street from CMPEI2 and SMX5 UO1 UO2 to SMX8 UO2 SMX8 SMX5 SMX3 and SMU3 campus various districts to suburban mixeduse various heights in Council District 6 The Committee approved filing this item at its meeting on 10918,5568,32767,2/19/2026 17:24
59,KingCountyCC_03022022_2021-0467,KingCountyCC,2022,2021-0467,A MOTION requesting the executive establish an equitable development initiative and prepare an implementation plan,5826,32767,2/19/2026 17:24
60,LongBeachCC_09072021_21-0924,LongBeachCC,2021,21-0924,Recommendation to authorize City Manager or designee to execute contract amendments with Anthem Blue Cross the Citys thirdparty administrator for the Preferred Provider Organization PPO and the Health Maintenance Organization HMO group health plans and Medicare Supplement Plan UnitedHealthcare Medicare Advantage PPO Plan Scan Health Plan for the Medicare Advantage Plan and Vision Service Plan VSP for the vision plan CVS Caremark as the Prescription Benefit Manager PBM for the Prescription Drug Plan for the PPO and HMO plans Delta Dental for the feeforservice dental plan DPPO and Delta Dental USA HMO plan The Standard Insurance Company for employerpaid life insurance voluntary life insurance and short and longterm disability insurance Union Mutual Life Insurance Company UNUM through Larry Lambert  Associates Insurance Services for longterm care insurance and implement a contractual agreement with Carrum Health as a thirdparty administrator for eligible surgeries to be performed through a Centers of Excellence facility and any subsequent amendm,165,968,2/19/2026 17:24
61,LongBeachCC_01152019_19-0029,LongBeachCC,2019,19-0029,Recommendation to authorize City Manager or designee to approve Long Beach Energy Resources spending authority on Long Beach Water Department Specifications WD0319 with SullyMiller Contracting Company for street repair services in an amount not to exceed 1000000 for a period of one year with the option to renew for two additional oneyear periods subject to a maximum increase of 10 percent for each renewal period at the discretion of the City Manager  Citywide,303,1705,2/19/2026 17:24
62,LongBeachCC_02182020_20-0112,LongBeachCC,2020,20-0112,Recommendation to declare ordinance amending the Long Beach Municipal Code by amending Sections 863020 863030 863050 and 863070 all relating to prohibiting the use and sale of singleuse food and beverage containers packaging and food service ware made of expanded polystyrene EPS foam rigid polystyrene 6 and nonrecyclable and noncompostable material for prepared food distribution and the distribution of plastic for bioplastic straws read and adopted as read   Citywide,535,2921,2/19/2026 17:24
63,BostonCC_06152022_2022-0185,BostonCC,2022,2022-0185,Petition for a Special Law re An Act Granting the City of Boston the Authority to Provide Legal Voting Rights in Municipal Elections for City of Boston Residents Aged 16 and 17 Years Old,438,2588,2/19/2026 17:24
64,DenverCityCouncil_08132018_18-0746,DenverCityCouncil,2018,18-0746,A bill for an ordinance making a supplemental appropriation from the General Contingency Fund to purchase property at 700 West Colfax Avenue Approves a 3 million supplemental appropriation from the General Fund contingency to purchase property at 700 West Colfax Avenue in Council District 10 The Committee approved filing this item at its meeting on 73118,528,2896,2/19/2026 17:24
65,DenverCityCouncil_02142022_21-1455,DenverCityCouncil,2022,21-1455,A bill for an ordinance changing the zoning classification for 2000 Blake Street in Five Points Approves a map amendment to rezone property from PUD 329 and B8 with waivers UO1 UO2 to CMX8 planned development to mixeduse 8stories located at 2000 Blake Street in Council District 9 The Committee approved filing this item at its meeting on 12721,255,1415,2/19/2026 17:24
66,DenverCityCouncil_08072017_17-0809,DenverCityCouncil,2017,17-0809,A bill for the Council of the City and County of Denver sitting exofficio as the Board of Directors of the Denver 14th Street General Improvement District making certain findings and approving the issuance of 4 million principal amount of Refunding Revenue Notes and approving and adopting a supplement to the Work Plan and Amended Budget for the 2017 fiscal year Approves the issuance of 4 million principal amount of refunding revenue notes imposes capital charges and approves and adopts an amended budget for the 2017 fiscal year by City Council sitting in its capacity as the exofficio Board of Directors of the Denver 14th Street General Improvement District in Council District 9 The Committee approved filing this bill by consent on 72517,440,2588,2/19/2026 17:24
67,AlamedaCC_10192021_2021-1221,AlamedaCC,2021,2021-1221,Recommendation to Accept a Report on the Appointment of a Member to the Open Government Commission  City Clerk 10022020,418,2098,2/19/2026 17:24
68,DenverCityCouncil_08042014_14-0574,DenverCityCouncil,2014,14-0574,A bill for an ordinance extending the existing 12 percent sales and use tax the Denver Preschool Tax through December 31 2026 and increasing the rate to 15 percent dedicating the revenue derived from the tax to fund the Denver Preschool Program subject to the approval of the voters at a special municipal election to be conducted in coordination with the state general election on November 4 2014 and making certain changes to the Denver Preschool Program GOVERNMENT  FINANCE Asks voters to reauthorize the Denver Preschool Program for 10 years increase the sales and use tax supporting the program by 03 percent and approve specified programmatic changes The last reguarly scheduled Council meeting within the 30day review period is on 82514 The Committee approved filing this bill by consent on 71714,2664,14365,2/19/2026 17:24
69,DenverCityCouncil_08272018_18-0705,DenverCityCouncil,2018,18-0705,A bill for an ordinance changing the zoning classification for 5611 East Iowa Avenue in Virginia Village Approves an official map amendment to rezone property located at 5611 East Iowa Avenue from SSUD to SRH25 suburban singleunit to suburban rowhouse in Council District 6 The Committee approved filing this item at its meeting on 71018,3206,18024,2/19/2026 17:24
70,LongBeachCC_01212014_14-0070,LongBeachCC,2014,14-0070,Recommendation to declare ordinance amending the Long Beach Municipal Code by adding Chapter 1660 relating to the payment of living wage to workers at the Long Beach Airport and the Long Beach Convention Center read and adopted as read  Citywide,883,4636,2/19/2026 17:24
71,BostonCC_12152021_2021-1221,BostonCC,2021,2021-1221,On the petition referred on December 1 2021 Docket 1221 for a special law re An Act Regarding the Disability Pension for Scott OBrien submits a report recommending that the home rule petition ought to pass in a new draft,1331,7597,2/19/2026 17:24
72,DenverCityCouncil_05192014_14-0441,DenverCityCouncil,2014,14-0441,A proclamation designating May 18 through May 24 as Public Works Week in Denver and congratulating the Denver Public Works Departments ten employees of the year,3038,17011,2/19/2026 17:24
73,LongBeachCC_03072017_17-0156,LongBeachCC,2017,17-0156,Recommendation to authorize City Manager or designee to execute all documents necessary to enter into Contract No PS5862300LBPD24750 and any amendments thereto with the Los Angeles County Metropolitan Transportation Authority to provide Law Enforcement Services in an amount not to exceed 30074628 for a period of five years and Increase appropriations in the General Fund GF in the Police Department PD by 5459271 offset by contract revenue Districts 12678,4092,21373,2/19/2026 17:24
74,DenverCityCouncil_04182022_22-0375,DenverCityCouncil,2022,22-0375,A resolution approving a proposed Agreement between the City and County of Denver and Frontier Airlines Inc concerning a use and lease agreement which includes the preferential leasehold of 14 gates at Denver International Airport Approves a use and lease agreement with Frontier Airlines Inc for rates and charges and for 10 years for preferential leasehold of 14 gates at Denver International Airport in Council District 11 202055453 The last regularly scheduled Council meeting within the 30day review period is on 5922 The Committee approved filing this item at its meeting on 4622,530,2979,2/19/2026 17:24
75,LongBeachCC_02112014_14-0123,LongBeachCC,2014,14-0123,Recommendation to declare ordinance amending the Long Beach Municipal Code by amending Chapters 581 and 868 relating to electronic cigarettes and similar devices read and adopted as read  Citywide,4589,24645,2/19/2026 17:24
76,DenverCityCouncil_02272017_17-0156,DenverCityCouncil,2017,17-0156,A bill for an ordinance making supplemental appropriations from the General Contingency Fund to the General Government Special Revenue Fund Approves a 4 million supplemental appropriation from the Citys General Fund Contingency to the Office of Economic Development to support the Business Incentive Funds support of a general merchandise mass retail store on the 16th Street Mall at 1601 California Street in Council District 9 The Committee approved filing this bill at its meeting on 22117 This bill was approved for late filing by Council President Brooks,1537,8359,2/19/2026 17:24
77,DenverCityCouncil_06242019_19-0296,DenverCityCouncil,2019,19-0296,A resolution approving a proposed Design Services Agreement between the City and County of Denver and RSH Inc for professional design and engineering services Approves a contract with RSH Inc for 263709394 and for one year for professional design and engineering services including the redesign of Washington Street from East 47th Avenue to East 52nd Avenue improvements along Washington Street from the South Platte River to East 47th Avenue and the Globeville Landing Pedestrian Bridge over the South Platte River as part of the Elevate Denver Bond Program in Council District 9 201948451 The last regularly scheduled Council meeting within the 30day review period is on 71519 The Committee approved filing this item at its meeting on 4219,560,2948,2/19/2026 17:24
78,KingCountyCC_07012019_2019-0245,KingCountyCC,2019,2019-0245,A MOTION relating to identifying the future allocation of Puget Sound Taxpayers Accountability Account proceeds to priority educational areas and requesting the executive to develop plans to allocate proceeds within the priority educational areas,5254,27800,2/19/2026 17:24
79,LongBeachCC_08182015_15-0811,LongBeachCC,2015,15-0811,Recommendation to receive a report and consider amendments to the Cultural Heritage Commission Ordinance as recommended by the Cultural Heritage Commission Version A or as recommended by the Development Services Department Version B Request City Attorney to draft an ordinance amending Long Beach Municipal Code Chapter 263 related to the Cultural Heritage Commission Version A or Version B and amending Long Beach Municipal Code Chapter 965 related to Administrative Citations and Penalties and Increase appropriations in the General Grants Fund SR 120 in the Development Services Department DV by 69000 Citywide,5941,32767,2/19/2026 17:24
80,LongBeachCC_06232015_15-0492,LongBeachCC,2015,15-0492,Recommendation to declare ordinance amending the Long Beach Municipal Code by adding Chapter 1830 establishing a Proactive Rental Housing Inspection Program read and adopted as read  Citywide,123,700,2/19/2026 17:24
81,LongBeachCC_05192015_15-0356,LongBeachCC,2015,15-0356,Recommendation to refer to the Economic Development Commission the issue of marketing the OpenCounter software for consideration and recommendation,332,1810,2/19/2026 17:24
82,DenverCityCouncil_11192018_18-1006,DenverCityCouncil,2018,18-1006,A bill for an ordinance changing the zoning classification of 1901 Wazee Street in Union Station Approves an official map amendment to rezone property from IMX8 UO2 to PUDG 19 industrial mixeduse to planned development located at 1901 Wazee Street in Council District 9 The Committee approved filing this item at its meeting on 10218,5839,32767,2/19/2026 17:24
83,DenverCityCouncil_12142020_20-1159,DenverCityCouncil,2020,20-1159,A bill for an ordinance changing the zoning classification for 3225 Denargo Street in Five Points Approves a map amendment to rezone property from IB UO2 to CMX16 DO7 industrial to mixeduse located at 3225 Denargo Street in Council District 9 The Committee approved filing this item at its meeting on 102720,5612,32767,2/19/2026 17:24
84,DenverCityCouncil_06282021_21-0572,DenverCityCouncil,2021,21-0572,A bill for an ordinance amending the local open meetings laws to authorize electronic participation and electronic meeting methods during emergencies and making other conforming amendments Modernizes open meeting laws to allow for use of emerging technology The Committee approved filing this item at its meeting on 51821,317,1758,2/19/2026 17:24
85,LongBeachCC_05172022_22-0515,LongBeachCC,2022,22-0515,Recommendation to declare ordinance amending Long Beach Municipal Code by amending Sections 590030 and 590060 by adding Section 590310 and by amending and restating chapter 592 all relating to the regulation of cannabis retail storefront dispensary business licenses and the Cannabis Social Equity Program read and adopted as read  Citywide,2508,13560,2/19/2026 17:24
86,DenverCityCouncil_11132018_18-1006,DenverCityCouncil,2018,18-1006,A bill for an ordinance changing the zoning classification of 1901 Wazee Street in Union Station Approves an official map amendment to rezone property from IMX8 UO2 to PUDG 19 industrial mixeduse to planned development located at 1901 Wazee Street in Council District 9 The Committee approved filing this item at its meeting on 10218,417,2407,2/19/2026 17:24
87,LongBeachCC_12022014_14-1017,LongBeachCC,2014,14-1017,Recommendation to authorize City Prosecutor to execute all necessary documents to receive and expend grant funding from Downtown Long Beach Associates DLBA in the amount of 18000 for a period ending September 30 2015 and increase appropriation in the General Grants Fund SR 120 in the City Prosecutor Department CP by 18000  Citywide,1091,6001,2/19/2026 17:24
88,LongBeachCC_02112020_20-0112,LongBeachCC,2020,20-0112,Recommendation to declare ordinance amending the Long Beach Municipal Code by amending Sections 863020 863030 863050 and 863070 all relating to prohibiting the use and sale of singleuse food and beverage containers packaging and food service ware made of expanded polystyrene EPS foam rigid polystyrene 6 and nonrecyclable and noncompostable material for prepared food distribution and the distribution of plastic for bioplastic straws read and adopted as read   Citywide,807,4319,2/19/2026 17:24
89,LongBeachCC_05052020_20-0390,LongBeachCC,2020,20-0390,Recommendation to declare ordinance amending the Long Beach Municipal Code by adding Chapter 8120 temporary enforcement of Long Beach Health Orders related to COVID19 declaring the urgency thereof and declaring that this ordinance shall take effect immediately read and adopted as read  Citywide,4561,23675,2/19/2026 17:24
90,LongBeachCC_02132018_18-0133,LongBeachCC,2018,18-0133,Recommendation to approve renaming the MultiUse Sport Court in Marina Vista Park the Luke Tatsu Johnson Court,489,2632,2/19/2026 17:24
91,DenverCityCouncil_10032016_16-0801,DenverCityCouncil,2016,16-0801,A bill for an ordinance designating the second Monday of October of each year as Indigenous Peoples Day Approves an ordinance designating the second Monday of October of each year as Indigenous Peoples Day The Committee approved filing this bill at its meeting on 91416,2442,13012,2/19/2026 17:24
92,DenverCityCouncil_07082019_19-0296,DenverCityCouncil,2019,19-0296,A resolution approving a proposed Design Services Agreement between the City and County of Denver and RSH Inc for professional design and engineering services Approves a contract with RSH Inc for 263709394 and for one year for professional design and engineering services including the redesign of Washington Street from East 47th Avenue to East 52nd Avenue improvements along Washington Street from the South Platte River to East 47th Avenue and the Globeville Landing Pedestrian Bridge over the South Platte River as part of the Elevate Denver Bond Program in Council District 9 201948451 The last regularly scheduled Council meeting within the 30day review period is on 71519 The Committee approved filing this item at its meeting on 4219,289,1572,2/19/2026 17:24
93,DenverCityCouncil_09122016_16-0430,DenverCityCouncil,2016,16-0430,A bill for an ordinance changing the zoning classification for Geneva Court and Martin Luther King Jr Boulevard Rezones property at Geneva Court and Martin Luther King Boulevard from RMU20 Former Code residential mixed use with waivers to MMX5 master planned commercial mixed use 5 stories in Council District 8 The Committee approved filing this bill at its meeting on 8316,227,1279,2/19/2026 17:24
94,BostonCC_05042022_2022-0503,BostonCC,2022,2022-0503,Message and order authorizing the City of Boston to accept and expend the amount of Three Hundred Forty Nine Million Five Hundred Thousand Dollars 34950000000 in the form of a grant awarded by the United States Department of Treasury to be administered by the City of Bostons Chief Financial OfficerCollector Treasurer This grant payment is made from the Coronavirus State and Local Fiscal Recovery Fund SLFRF in the Treasury of the United States established by Section 9901 of the American Rescue Plan Act of 2021 ARPA Pursuant to the requirements of the ARPA the grant payment would fund COVID19 response and recovery efforts and accelerate a Green New Deal for Boston through onceinageneration transformative investments that address the systemic health and economic challenges in the areas of affordable housing economic opportunity and inclusion behavioral health climate and mobility arts and culture and early childhood Councilor Baker offered a motion to Amend Docket 0503 by reducing the Mayors Office of Housing by 500000000 and adding 500000000 for the,195,1138,2/19/2026 17:24
95,DenverCityCouncil_12222014_14-1017,DenverCityCouncil,2014,14-1017,A bill for an ordinance establishing a Social Impact Bond fund in the General Government Special Revenue Fund and the means for authorizing expenditures from such fund FINANCE  SERVICES Approves the creation of a new fund in the General Government Special Revenue Fund for Social Impact Bonds to provide a multiyear reserve to make performancebased payments to contractors providing housing and case management for chronically homeless individuals This is a companion ordinance to the Long Bill The Committee approved filing this bill by consent on 12414,823,4521,2/19/2026 17:24
96,LongBeachCC_05192020_20-0390,LongBeachCC,2020,20-0390,Recommendation to declare ordinance amending the Long Beach Municipal Code by adding Chapter 8120 temporary enforcement of Long Beach Health Orders related to COVID19 declaring the urgency thereof and declaring that this ordinance shall take effect immediately read and adopted as read  Citywide,119,713,2/19/2026 17:24
97,DenverCityCouncil_12012014_14-0971,DenverCityCouncil,2014,14-0971,Approve the adoption of the Globeville Neighborhood Plan as a supplement to the Citys Comprehensive Plan  NEIGHBORHOODS AND PLANNING Approves the adoption of the Globeville Neighborhood Plan as a supplement to the Citys Comprehensive Plan  The Committee approved filing this bill at its meeting on 111214,5619,32767,2/19/2026 17:24
98,DenverCityCouncil_07242017_17-0565,DenverCityCouncil,2017,17-0565,A bill for an ordinance changing the zoning classification for 8504 East Martin Luther King Jr Boulevard and 2962 North Central Park Boulevard in Stapleton Rezones property located at 8504 East Martin Luther King Jr Boulevard and 2962 North Central Park Boulevard from CMU20 to MRX5A commercial mixeduse to master planned residential mixeduse in Council District 8 The Committee approved filing this bill at its meeting on 52317,5815,32767,2/19/2026 17:24
99,DenverCityCouncil_07132015_15-0356,DenverCityCouncil,2015,15-0356,A bill for an ordinance vacating a portion of rightofway at 2329 Eliot Street without reservations INFRASTRUCTURE  CULTURE Vacates portions of the alley north east and south of the carriage lot with the address 2329 North Eliot Street in Council District 1 The last regularly scheduled Council meeting within the 30day review period is on 62215 The Committee approved filing this bill by consent on 52115,2386,12726,2/19/2026 17:24
